,duration,amount,installment_rate,current_residence,age,number_of_credits,response,cheque_account_A11,cheque_account_A12,cheque_account_A13,cheque_account_A14,credit_history_A30,credit_history_A31,credit_history_A32,credit_history_A33,credit_history_A34,purpose_A40,purpose_A41,purpose_A410,purpose_A42,purpose_A43,purpose_A44,purpose_A45,purpose_A46,purpose_A48,purpose_A49,savings_account_A61,savings_account_A62,savings_account_A63,savings_account_A64,savings_account_A65,current_employment_A71,current_employment_A72,current_employment_A73,current_employment_A74,current_employment_A75,gender_A91,gender_A92,gender_A93,gender_A94,other_debtor_A101,other_debtor_A102,other_debtor_A103,property_A121,property_A122,property_A123,property_A124,other_installments_A141,other_installments_A142,other_installments_A143,housing_A151,housing_A152,housing_A153,occupation_A171,occupation_A172,occupation_A173,occupation_A174,number_of_people_bad,number_of_people_good,contact_number_A191,contact_number_A192,foreign_A201,foreign_A202
duration,1.0,0.6249841983009832,0.07474881629117053,0.03406720161114822,-0.03613637401909834,-0.011283597446143016,0.21492666544188987,0.022244381597792587,0.08945202976618011,-0.07645490086182426,-0.06346680027438474,0.11807675265535975,0.033727668229890956,-0.06975107551532332,0.13692695323957882,-0.07557469891975223,-0.10999853959716613,0.14493890279178284,0.10451621879982816,-0.0628036715267607,-0.044318902255541866,-0.037212053172176573,-0.022549376488054544,0.003749747884558776,-0.07215069519318579,0.16411273973368562,-0.04722782742149856,0.05158684078924457,-0.040257412412845424,-0.04826122977213115,0.07118497069845377,-0.005155859895877792,-0.05679165936764776,-0.03191997568472899,0.07963496514496775,0.01747059652405245,0.006414543335514194,-0.08143219415134732,0.1218886297181334,-0.08441806392712917,0.009992517436379321,0.029698126317616917,-0.03959427154904099,-0.24258554365432364,-0.05670584633552901,0.11948564076365473,0.2128379213696253,0.03585052108105718,0.06568784640365108,-0.06760219034802203,-0.06441714422185223,-0.0751692492915072,0.18911677352230463,-0.044043288757810106,-0.18120295558437996,0.05500988635447783,0.147515039567736,-0.0238344753976219,0.023834475397621905,-0.16471820703747264,0.16471820703747264,0.13819628529347414,-0.1381962852934742
amount,0.6249841983009832,1.0,-0.271315701246003,0.028926323080232498,0.03271641666544819,0.020794551748966043,0.15473864110152272,-0.02091228834416871,0.11961233723674558,-0.10050986777653413,-0.03948479690452807,0.14719098594764443,0.00592308281768842,-0.08668199092721832,0.11355190828951901,-0.041806607313392447,-0.04079327959115188,0.2521009655035527,0.19289311247724378,-0.034036646495841046,-0.17320343797739898,-0.06926772715196342,-0.028875015187177742,-0.007388107930323709,-0.06976361297127953,0.10301638980775864,-0.03644257517600937,0.013545796763961624,-0.06425630788698243,-0.055541634730842324,0.10654643757631226,0.08615943599716004,-0.051501558658059714,-0.03705229670479664,0.05375522188566946,-0.009619328926827377,0.03361898918013731,-0.09348243679016535,0.15245810148524888,-0.1382888547166838,-0.004116412183565235,0.07907610223225557,-0.06523744486461792,-0.24833755065593296,-0.0325557456069884,0.07567860998973859,0.2489216136323249,0.039474433302217504,0.024261975653094004,-0.048292206442114495,-0.02461088069769649,-0.11749726455770337,0.2016425140432529,-0.027968870895467113,-0.1617569670307145,-0.09263644304120024,0.3197145375812628,0.01714215415846393,-0.017142154158463922,-0.2769951117839668,0.2769951117839668,0.0500500070649373,-0.0500500070649373
installment_rate,0.07474881629117053,-0.271315701246003,1.0,0.049302370813886574,0.058265684351410274,0.02166874257132845,0.07240393725132983,0.04691730589846232,-0.051906412666317125,-0.041590856065396524,0.024961126669595886,-0.054401210607204306,0.030338818004065796,-0.0209471801849648,-0.014597449828363878,0.04108934384011526,-0.045800998663569986,-0.09479712014418457,-0.030192865229770743,-0.0629787819472608,0.13855181857231194,0.019088198801411313,0.04020370670743722,0.04247090018024766,0.04018027186178113,-0.025325849366517383,-0.008625692841245616,-0.015355727056472857,-0.023186193676956787,0.034707838789358986,0.018366928864560195,-0.04941974112033974,-0.03402138415880745,-0.06961446287303684,-0.00071242674732172,0.13337059236883478,-0.09704703277901951,-0.08630171290720412,0.11823278411502647,0.007686217587416748,0.013823003203581445,-0.013048035294304624,-0.0064287267638155,-0.03455499385592288,-0.020627846160320724,0.01702325073282343,0.04499045557826584,-0.016149550957712616,0.056071314285576906,-0.016139499831094403,-0.09137347358200255,0.049921863639406226,0.04009756833750918,-0.08783357580032389,-0.05723713605469475,0.04262294002639083,0.042804949440274194,-0.07120694300823428,0.07120694300823428,-0.0144128799512796,0.0144128799512796,0.0900244285841653,-0.09002442858416532
current_residence,0.03406720161114822,0.028926323080232498,0.049302370813886574,1.0,0.2664191839694606,0.08962523262254259,0.0029671587541551998,0.08834972866626496,-0.0558170042803623,-0.06430287476640141,0.0019849909283614193,0.0009251742891850109,0.027693999054312954,-0.08145818988954301,-0.02035061471014819,0.08845967124505322,0.01984799273330389,0.10725669299605718,0.04046004352075626,-0.006933671027813076,-0.09004275334296181,-0.017815739328070325,0.02725316799381426,0.040552439264556636,0.013389837218500825,-0.04889881697510702,-0.08992082776732867,0.01778913314949253,0.03270175209326976,-0.0023746964650771876,0.08056361525591402,0.036123123454966086,-0.16415524145616567,-0.1406630259906398,-0.0311558023143995,0.30279596902914796,-0.038472826994581016,0.01381792707522542,0.06363888701548186,-0.10268358168034786,0.02055274496178327,0.0016228795687964607,-0.028334320470313222,-0.08519421008137744,-0.023708476245394995,-0.041461747025947036,0.18802753943837516,0.014529536030862681,-0.0544603159881768,0.016703583512616693,0.16728493368261543,-0.29754731911799465,0.22704367249336926,-0.03454539888558343,0.009064819726578346,-0.0006571372397738824,0.004952337642038267,0.042643425975225406,-0.04264342597522542,-0.09535936697416564,0.09535936697416564,0.05409739617849072,-0.054097396178490756
age,-0.03613637401909834,0.03271641666544819,0.058265684351410274,0.2664191839694606,1.0,0.14925358219009105,-0.09112740931949849,-0.011162243478593572,-0.07812147705435857,0.03750386529347114,0.06243639081395688,-0.02236971146248268,0.014360497948925804,-0.15584756088883744,0.016129149854636954,0.16368132589427997,0.07504412047825966,0.05085786361160155,0.042365057233323254,-0.12765661565081482,-0.046401400780776925,-0.012562182925805514,0.03956691215815238,0.06848303490972665,-0.007370312883354528,-0.0017717816125563436,-0.04408408357726094,-0.07530153679723683,0.030987875493250272,0.03200691416439515,0.07781110994728682,0.11056187731043927,-0.20996695050748682,-0.1549752619776003,-0.08352002955031688,0.3625199896094385,0.06242973188293838,-0.1616941534800316,0.2074338411611322,-0.14552907056927533,0.030821711822058385,-0.018356935516763238,-0.023923324588374848,0.011537700288040492,-0.028685933018192025,-0.14348473277090967,0.20636819071634965,0.04655234475619145,-0.011080141475927043,-0.03536211220976702,-0.2126204160029229,0.006552664340659248,0.2530583530153402,0.059953573572003094,0.04371236958564402,-0.14828272492143335,0.12760462524257252,0.11820083281906783,-0.11820083281906786,-0.1452587006839685,0.1452587006839685,0.0061513959688097135,-0.006151395968809695
number_of_credits,-0.011283597446143016,0.020794551748966043,0.02166874257132845,0.08962523262254259,0.14925358219009105,1.0,-0.045732489339206366,-0.029194957574395813,-0.0526624215165759,-0.04021287727126819,0.09443468148225982,0.1124269989326632,-0.09582399049949185,-0.540354484111696,0.1417420572205527,0.5013637491364831,0.03584512128377589,-0.0052480010732453555,0.017751874468584568,-0.07047802477228343,-0.030705552956084334,-0.06178161329388727,0.07138985401936093,-0.010728427792657131,-0.012159187773796083,0.08497983861634908,0.03390903125852722,-0.010946156418788648,-0.06159891375660843,0.036168809313463966,-0.015592529307361182,0.012683600491982026,-0.09639882417570558,-0.07307887314253439,0.03738040015991826,0.12362216261741858,-0.026622394892890273,-0.09425989293340803,0.1181975445142866,-0.03262348836672534,0.02296558537243253,-0.00600073742873312,-0.024681966197397032,0.008568158712815799,-0.009946198718350228,0.010577443823454727,-0.012850326123469074,0.04219035084899252,0.023495621214142743,-0.05029004389714131,-0.058070495578222116,0.04138556822111684,0.011406061407484618,0.059582071349932854,-0.010392029460281137,-0.0014708278304141316,-0.01090611977591901,0.1096667004159337,-0.10966670041593368,-0.06555321277948434,0.06555321277948434,0.009716974731549942,-0.009716974731549916
response,0.21492666544188987,0.15473864110152272,0.07240393725132983,0.0029671587541551998,-0.09112740931949849,-0.045732489339206366,1.0,0.2583334734882517,0.11958089450149356,-0.04400949270374969,-0.32243570477770805,0.144766506035895,0.13444779843951415,0.04372234923380667,0.012324564444108994,-0.18171301969732778,0.09690047108093167,-0.09979075742999617,0.028057520764226535,0.0209705991275688,-0.10692217131196478,0.008016434504064949,0.020827522893020818,0.07008766440504555,-0.03928087850141765,0.03612906233429908,0.16100658741138615,0.022255492664243964,-0.07095408007339192,-0.08574929257125226,-0.12923771232590178,0.03981491245900009,0.10639685329020668,0.010602727744855166,-0.0759800606761008,-0.059733333597895524,0.05006261743217404,0.07549269735627515,-0.08067680281606358,-0.019630296651358216,-0.0007513550934164727,0.06272836622171578,-0.05503925403760121,-0.11929951647280092,0.007237586810204587,0.011121012304337919,0.1257500439913789,0.0965101093279986,0.05052322368637382,-0.11328516656015228,0.09278544671299907,-0.13458877572232986,0.08155564690569003,0.0059507208265775526,-0.021821789023599398,-0.013559399939321039,0.040558663268551676,-0.0030148530833447092,0.0030148530833447114,0.03646619017996305,-0.03646619017996305,0.0820794987814968,-0.08207949878149685
cheque_account_A11,0.022244381597792587,-0.02091228834416871,0.04691730589846232,0.08834972866626496,-0.011162243478593572,-0.029194957574395813,0.2583334734882517,1.0,-0.37266999073506624,-0.1592969462362174,-0.49535753084301,0.02334108087866479,0.08905362222426678,0.06639631528539412,-0.09585913707649504,-0.06542991665125597,0.07352731374817602,-0.016390251927304776,0.014661125338356989,0.13047866410330192,-0.11345391096065204,0.03525259351020754,-0.015713348950106513,-0.007201245940968137,-0.011063288633181305,-0.0877122418165362,0.2464376992734076,-0.11965916596072874,-0.08547145846598621,-0.07501443130147391,-0.1225930651250363,0.037300965104557965,0.011121999233121618,-0.00419652245479287,-0.009912102279711283,-0.017133081266602613,0.033948730864565416,0.01483448392965065,-0.009694807241783055,-0.03264339358983212,-0.08119783635114865,0.06519733056110974,0.047987375648858965,-0.036214671540540595,0.08728150617011277,-0.08078482539673072,0.04847615071224104,0.012404788551947727,0.011886497021481495,-0.017494015255399464,0.09330993822453285,-0.12570547491829492,0.06796094545646535,-0.00042799004922501003,0.023542127493197933,-0.002879233992381987,-0.022427388709184242,0.059041190411523094,-0.059041190411523094,0.06714933856153178,-0.06714933856153178,-0.05775071388847058,0.057750713888470556
cheque_account_A12,0.08945202976618011,0.11961233723674558,-0.051906412666317125,-0.0558170042803623,-0.07812147705435857,-0.0526624215165759,0.11958089450149356,-0.37266999073506624,1.0,-0.15729609128835903,-0.4891355749928543,0.08331786361972074,0.01900244884606816,0.015497884780538172,0.09017365154881851,-0.11800725578076152,-0.0156919024813091,-0.04975980204669984,0.07812099394921122,-0.056749611023801716,-0.001607199860160568,-0.025432815633518416,0.0473823981879815,-0.004656192001708996,0.013825653020465144,0.10596657167565704,-0.047044556299240085,0.14313640388951643,-0.05519796157974017,0.011477702771700361,-0.024652493116974695,0.05911836289623714,0.0820577443058613,-0.029493437742972455,-0.004794414360608035,-0.06773108210087725,0.005690901335422314,0.012726245197731734,-0.056240275800627175,0.07218782514163351,-0.06198493969034915,-0.023075227242550327,0.10169045065413587,-0.004299972549324401,-0.03957687896501593,0.01289089152763387,0.03482463666126376,0.049600240212029835,-0.017506823595290665,-0.03457639779082324,-0.0008882680161627376,0.0010119883108564275,-0.00037781066240312054,0.04738239818798106,0.018040773686374,-0.06758690602418264,0.05199868375154404,-0.06664257307512218,0.06664257307512218,-0.015276095832838692,0.015276095832838692,0.059172442172905855,-0.059172442172905855
cheque_account_A13,-0.07645490086182426,-0.10050986777653413,-0.041590856065396524,-0.06430287476640141,0.03750386529347114,-0.04021287727126819,-0.04400949270374969,-0.1592969462362174,-0.15729609128835903,1.0,-0.209079897305841,-0.01092188655622903,-0.0016587879963092145,0.029770098251321386,-0.0369605377747738,-0.0041507741012552805,0.012229769095858111,-0.06078475930993609,-0.028576736481155152,-0.004308079783865793,0.058300433173828665,0.00922317949920805,-0.038890398412697695,0.016052107175315748,-0.02471069195297831,-0.015450560767970732,0.02532892604161201,-0.020162287060034235,0.0005251478036968175,-0.000462095861114312,-0.016275368936474938,-0.04959732752682438,0.04541415718937004,0.014285548317472342,-0.04301399232024305,0.010045111279970905,0.053821771117236246,0.004182658385729986,-0.012603332681600861,-0.02557581160651274,0.04051622435921612,-0.012101166951483189,-0.042191634192060755,0.02958102163773232,-0.02550780375200362,0.0007341451647991455,-0.00800481869868438,-0.009006308798032955,0.020205988342731795,-0.0029829114665144885,-0.035183438183100366,0.01893417107452092,0.015859767067776823,0.07334740364415342,0.014405487972252736,-0.02293195458791987,-0.015346073002813465,-0.008700158434488675,0.008700158434488679,0.028954555650698734,-0.028954555650698734,-0.036391693065348424,0.03639169306534823
cheque_account_A14,-0.06346680027438474,-0.03948479690452807,0.024961126669595886,0.0019849909283614193,0.06243639081395688,0.09443468148225982,-0.32243570477770805,-0.49535753084301,-0.4891355749928543,-0.209079897305841,1.0,-0.09148588022940271,-0.09770514118839567,-0.08947124064444062,0.02404142131797842,0.1688785601470448,-0.058953647341909866,0.09034175659261566,-0.07006842981571174,-0.0654535924432043,0.07602673841194606,-0.01368289080092221,-0.00931990041112303,0.0028170206262876554,0.00983814791675658,-0.008422346857682098,-0.19484075267856907,-0.010651412947497224,0.1278468568732616,0.05828423866407356,0.14236361032232714,-0.06303622661392012,-0.10720101998400462,0.023492791928866268,0.03478615765891584,0.07211026319543334,-0.06291346065376255,-0.027169306670282858,0.0661543090719552,-0.0229982483596977,0.11022059236473794,-0.03255187686670112,-0.11510723625917955,0.022249243501739322,-0.03106801295791585,0.06167397017214612,-0.07187076467348882,-0.05185708105842719,-0.005008987610255573,0.048829472676027344,-0.06686977937425963,0.10440661911946285,-0.06957545491286535,-0.07907963402731331,-0.04502339685014776,0.07536612683515526,-0.019087772494373063,0.010913867639032317,-0.010913867639032303,-0.06182543360145005,0.06182543360145005,0.017108367485813986,-0.01710836748581397
credit_history_A30,0.11807675265535975,0.14719098594764443,-0.054401210607204306,0.0009251742891850109,-0.02236971146248268,0.1124269989326632,0.144766506035895,0.02334108087866479,0.08331786361972074,-0.01092188655622903,-0.09148588022940271,1.0,-0.046334252462723505,-0.21676211754556057,-0.06340715918772316,-0.13140699451852458,-0.028446188086048506,-0.018803451602071874,0.024370735494399512,-0.00318100528908433,-0.0818317088384978,-0.022496063533292417,0.038964727440437726,-0.04682929057908475,0.03458249157736478,0.1917385473621244,0.061327859144556116,0.014774140544484867,-0.031925514548978864,-0.04583492485141095,-0.043816319869912725,-0.03131834754727816,0.028667568367212706,0.04786485846848272,-0.053304629114299076,-0.013147156993717633,-1.2307234264227918e-17,-0.004413559511103503,0.021327415312903934,-0.02966243718985606,0.047792326701318284,-0.042206273018348055,-0.024822887717288147,-0.07122086684623333,0.00870446897704905,0.04031067352952547,0.0260139720257505,0.06549503553050107,0.0028934784659654907,-0.05980404449377951,0.03780546932146547,-0.039709218318577155,0.011180185145523016,0.004174792225761033,-0.025515518153991248,0.029595200216856618,-0.013221220857494796,0.011280547309335415,-0.011280547309335415,0.0016639510957850013,-0.0016639510957850013,-0.01405800604908569,0.014058006049085714
credit_history_A31,0.033727668229890956,0.00592308281768842,0.030338818004065796,0.027693999054312954,0.014360497948925804,-0.09582399049949185,0.13444779843951415,0.08905362222426678,0.01900244884606816,-0.0016587879963092145,-0.09770514118839567,-0.046334252462723505,1.0,-0.24104425628905254,-0.07051015972195243,-0.14612747662533854,0.005842929484138324,-0.00071629962794056,0.060072720876844114,-0.010455630805557432,-0.04869769847073965,0.01752830099239335,-0.03404471434633872,0.011690351948941755,0.07647152213693591,0.03517102551564647,-0.0430509506792654,0.045004953219342426,0.036474269390108685,0.014042602886015517,-0.011585148432284613,0.03768889812916045,0.007021474750790766,-0.015765460584639877,0.018011278320383205,-0.02554225133666935,-0.009564833412770899,0.018129460651618162,0.01068548140612859,-0.04019781024330574,-0.054916595584993316,0.023151765987738087,0.05115950418942477,-0.029011214760764386,-0.03696231653452708,-0.012473079257200979,0.09566554455987261,0.23017244830080796,0.12469887680303134,-0.2724663792722132,0.014851334857065293,-0.060798524150548934,0.07026739457570147,0.06069938865831469,0.0370596820071723,-0.06591697999430769,0.02280355066080836,0.06918519928545651,-0.06918519928545651,0.016955250926114687,-0.016955250926114687,0.019952082941496526,-0.019952082941496446
credit_history_A32,-0.06975107551532332,-0.08668199092721832,-0.0209471801849648,-0.08145818988954301,-0.15584756088883744,-0.540354484111696,0.04372234923380667,0.06639631528539412,0.015497884780538172,0.029770098251321386,-0.08947124064444062,-0.21676211754556057,-0.24104425628905254,1.0,-0.32986248223390774,-0.683617401411215,-0.019024658764442606,-0.023664250336311244,-0.043426621540686286,0.05240362962129942,0.08300052063341036,0.06698004339325993,-0.009015219473076963,-0.03217617207104246,0.004879585030164748,-0.12463418624066057,-0.006511129769490846,0.00929431559169893,0.021523533638766783,-0.041615681731510194,0.010415320066683796,-0.015453569743868429,0.10533565792636865,0.039490642637204094,-0.017017837021101954,-0.11102719674656993,0.013789788030446799,0.09400857677080514,-0.1386490130161047,0.07791886351744275,-0.06008778201228615,0.022937060572717414,0.058115658501395634,0.03802631405267123,-0.004556797893011037,0.012933898449179061,-0.05895112684943188,-0.07917219304827476,-0.06541778035840536,0.10597168310313189,0.08430423844262899,-0.043805003012403164,-0.04028129470129235,-0.02267464291713426,0.010018048746260626,0.01701476112102331,-0.02505217583618105,-0.07833852182059863,0.07833852182059861,0.05765460758225774,-0.05765460758225774,-0.004139651084832623,0.00413965108483217
credit_history_A33,0.13692695323957882,0.11355190828951901,-0.014597449828363878,-0.02035061471014819,0.016129149854636954,0.1417420572205527,0.012324564444108994,-0.09585913707649504,0.09017365154881851,-0.0369605377747738,0.02404142131797842,-0.06340715918772316,-0.07051015972195243,-0.32986248223390774,1.0,-0.19997146127559337,-0.029948512690500778,-0.012356288471571176,0.030603009967854464,-0.054348579991921955,-0.036478247146388386,-0.03423387555726315,0.02560484227359285,0.009717749287841639,-0.02960249690547908,0.17251224050058978,-0.022105283864969627,0.05732202997713874,-0.022432024498526357,-0.0036988793881590014,-0.0009494192016775868,0.00796274632882622,-0.029333096226114862,0.02362358685723675,0.01571697778246165,-0.01838303041650098,0.009717749287841578,-0.08609242721717583,0.07642920300366714,-0.0011724535335849123,0.08731371173447217,-0.046426676981127075,-0.0727514108759392,-0.04562457861051297,0.02160872545131777,0.013372075552834277,0.014160685082696753,-0.0023672288977444784,0.09780472292977016,-0.051092272091443264,-0.043756198383336706,0.01760413242285606,0.028386478605222955,-0.04658926188127461,-0.02294428884819934,-0.003216938693730679,0.04946419679647025,0.04252590165134896,-0.042525901651348924,-0.04638445531684469,0.04638445531684469,0.060887989688133436,-0.06088798968813343
credit_history_A34,-0.07557469891975223,-0.041806607313392447,0.04108934384011526,0.08845967124505322,0.16368132589427997,0.5013637491364831,-0.18171301969732778,-0.06542991665125597,-0.11800725578076152,-0.0041507741012552805,0.1688785601470448,-0.13140699451852458,-0.14612747662533854,-0.683617401411215,-0.19997146127559337,1.0,0.04897947688358485,0.04207646522747151,-0.010412070240698883,-0.017308030622929682,-0.009982547524985326,-0.05076893163875808,-0.0066805246965317925,0.04385296224553749,-0.03808439670938023,-0.06993969666937919,0.014913220839516614,-0.0735777941162032,-0.01319385493187628,0.06101144097310836,0.013529423931636603,0.007598454541857838,-0.11292478347900367,-0.07113986905897081,0.02328636859509294,0.15096827171615498,-0.016633882231066016,-0.056199937846366316,0.0902179345816026,-0.052878511112162435,0.01701378030468529,0.01093635007509209,-0.032022789118442196,0.031123022434003833,0.005330056799660578,-0.03394625742019608,-0.0007426270626843881,-0.049074786549592436,-0.04953025001614101,0.07057133428974728,-0.08853246072289206,0.08301149661073558,-0.011637615149979711,0.023276985153385096,-0.0032957005310894653,0.001865817675118789,-0.008439567638518566,0.02176463755953985,-0.02176463755953985,-0.04311007238847507,0.04311007238847507,-0.03676987074606817,0.03676987074606817
purpose_A40,-0.10999853959716613,-0.04079327959115188,-0.045800998663569986,0.01984799273330389,0.07504412047825966,0.03584512128377589,0.09690047108093167,0.07352731374817602,-0.0156919024813091,0.012229769095858111,-0.058953647341909866,-0.028446188086048506,0.005842929484138324,-0.019024658764442606,-0.029948512690500778,0.04897947688358485,1.0,-0.18729058006319196,-0.06091239764522733,-0.2598309495468371,-0.3446722437527878,-0.060912397645227524,-0.082896359220647,-0.12679926712403108,-0.05267177710516743,-0.18114883104151913,-0.01497495653453799,0.04583187458354922,-0.016935022070734735,-0.0025634601968651826,-0.005021262557896302,0.034202248460509926,0.004706695854616284,-0.016595844331896197,0.007999780344098104,-0.011963945875198896,-0.01842382513767939,-0.012971972245984734,0.02737432641550533,-0.012487175133916768,0.006197086241184478,0.004836180349836506,-0.012425523319967295,0.04205637639062022,-0.007207239382664114,-0.0536064266450136,0.025939750250484502,0.010063897251562908,-0.06694047174636034,0.027461964928620363,-0.011620405435334174,-0.009617929714854359,0.028369996696756706,0.09423261347304422,0.07204063393595664,-0.08522258444270737,-0.004203819977090813,0.10266258739465288,-0.10266258739465291,0.03627477804867043,-0.03627477804867043,-0.15443624123819522,0.15443624123819522
purpose_A41,0.14493890279178284,0.2521009655035527,-0.09479712014418457,0.10725669299605718,0.05085786361160155,-0.0052480010732453555,-0.09979075742999617,-0.016390251927304776,-0.04975980204669984,-0.06078475930993609,0.09034175659261566,-0.018803451602071874,-0.00071629962794056,-0.023664250336311244,-0.012356288471571176,0.04207646522747151,-0.18729058006319196,1.0,-0.03734517866931057,-0.15930144945466107,-0.21131735119457706,-0.03734517866931084,-0.050823468880033765,-0.0777401886798921,-0.03229288294115826,-0.11106171686729668,-0.08142158190909884,-0.01741511619097066,-0.020162287060034808,0.03164238304570361,0.11189414722482773,0.06294561663286928,-0.05854859284917602,-0.04807312594551232,0.009354902794693152,0.06009520218385092,-0.03245464187607192,-0.05640959233653796,0.0896101552296198,-0.03956654201012209,0.06319699231382697,-0.05347419306250917,-0.0349103828626611,-0.13194086983110193,-0.03815943825241597,0.061504646527902544,0.12886281122089127,-0.012524545223390488,0.0024716496528947173,0.00979095491980446,0.03915953632705652,-0.14137524566426926,0.1576801523483312,-0.028394753575518034,-0.11185723586847474,-0.03332137302874328,0.1830347407891125,0.054861570649025776,-0.05486157064902568,-0.13669290669181755,0.13669290669181755,0.03156382383680041,-0.03156382383680027
purpose_A410,0.10451621879982816,0.19289311247724378,-0.030192865229770743,0.04046004352075626,0.042365057233323254,0.017751874468584568,0.028057520764226535,0.014661125338356989,0.07812099394921122,-0.028576736481155152,-0.07006842981571174,0.024370735494399512,0.060072720876844114,-0.043426621540686286,0.030603009967854464,-0.010412070240698883,-0.06091239764522733,-0.03734517866931057,1.0,-0.051809510288074595,-0.06872660931990038,-0.012145748987853892,-0.016529284842227862,-0.025283392706065923,-0.010502594023463305,-0.036120532376480226,0.014340700103089155,0.02308391302860358,-0.02857673648115515,-0.024746529156023545,-0.004655329259165764,0.1239989583679118,-0.050229771878679136,-0.001319286864938784,-0.05058208781387734,0.02036513892631343,0.016855595137377142,-0.014297430984443114,0.026277339814965595,-0.035080287191386714,-0.12281884477156231,0.1624760145185101,0.015552954773860693,-0.04865756589551808,-0.03881513958246546,0.019813780136659083,0.08019948353848838,0.14155071570347197,0.01892003845034869,-0.13614054405754888,-0.05145968076078772,-0.011288077513012798,0.08000981883059304,0.046081642590453976,-0.03214392817871599,-0.12478535167413138,0.18683489268264092,0.003552750725454922,-0.0035527507254549144,-0.11514190726830366,0.11514190726830366,-0.027051521117044848,0.027051521117044872
purpose_A42,-0.0628036715267607,-0.034036646495841046,-0.0629787819472608,-0.006933671027813076,-0.12765661565081482,-0.07047802477228343,0.0209705991275688,0.13047866410330192,-0.056749611023801716,-0.004308079783865793,-0.0654535924432043,-0.00318100528908433,-0.010455630805557432,0.05240362962129942,-0.054348579991921955,-0.017308030622929682,-0.2598309495468371,-0.15930144945466107,-0.051809510288074595,1.0,-0.29316363907936305,-0.05180951028807524,-0.07050813860423746,-0.10785009601567692,-0.044800386839396654,-0.15407753738706748,0.10010077809246208,-0.08239789074136637,0.006381944493717407,0.02809101932732338,-0.08143147355754564,-0.0023909719006384557,0.08168022162898757,0.019977395232583153,-0.03078840437619227,-0.06448227883565495,0.07090696920367745,0.10046706379871519,-0.0740423927316485,-0.08673596945370954,-0.019379053210558578,0.05997747429328257,-0.028215660730536055,-0.05219110454147329,0.16618299594905495,-0.04462902126780686,-0.07105036979407832,-0.023716981331474773,0.030594662090787747,0.004445537891496796,0.10569954175419785,-0.04049551553876826,-0.07153012273766848,-0.052801423736273057,-0.020778239539602162,0.06439346208018917,-0.0423347138918553,-0.0865150718586229,0.0865150718586229,0.05358670898201445,-0.05358670898201445,0.00959041795153736,-0.009590417951537328
purpose_A43,-0.044318902255541866,-0.17320343797739898,0.13855181857231194,-0.09004275334296181,-0.046401400780776925,-0.030705552956084334,-0.10692217131196478,-0.11345391096065204,-0.001607199860160568,0.058300433173828665,0.07602673841194606,-0.0818317088384978,-0.04869769847073965,0.08300052063341036,-0.036478247146388386,-0.009982547524985326,-0.3446722437527878,-0.21131735119457706,-0.06872660931990038,-0.29316363907936305,1.0,-0.06872660931990004,-0.09353080677240048,-0.1430658458798272,-0.05942883201504098,-0.20438770137169937,0.0007283176073588184,-0.013482105624064504,0.04913369839806944,-0.04625925277592508,0.0043775564510466205,-0.08644369471470599,-0.01274761960428741,0.009786276728553447,0.0016449326451706224,0.04692774095324551,-0.07153292293991294,-0.008668058804494994,-0.03329416864311536,0.1251422396146743,-0.08404660448268463,-0.005391315426022448,0.11475587270727687,0.12393737238574946,-0.10531510633804333,0.06639946357405103,-0.11797692765357265,-0.03811250259839349,-0.00168375671009686,0.034800833112032345,-0.07041403987824606,0.13470543412658967,-0.10935670047980708,-0.0631636617164272,0.005567942539842272,0.08580182859662945,-0.09683924102960811,-0.08246417735743704,0.08246417735743704,0.08224303280142908,-0.08224303280142908,0.06324198898586911,-0.06324198898586907
purpose_A44,-0.037212053172176573,-0.06926772715196342,0.019088198801411313,-0.017815739328070325,-0.012562182925805514,-0.06178161329388727,0.008016434504064949,0.03525259351020754,-0.025432815633518416,0.00922317949920805,-0.01368289080092221,-0.022496063533292417,0.01752830099239335,0.06698004339325993,-0.03423387555726315,-0.05076893163875808,-0.060912397645227524,-0.03734517866931084,-0.012145748987853892,-0.05180951028807524,-0.06872660931990004,1.0,-0.016529284842227935,-0.025283392706066235,-0.01050259402346336,-0.03612053237648049,-0.023200399643217226,-0.007130632820353827,0.0470230954795715,-0.024746529156023694,0.019096350634535866,0.009749303852022793,0.04711474726604885,0.018081990560629358,-0.0021318121300864554,-0.06413751222021409,0.016855595137377236,0.045275198117401556,-0.04753541247426637,-0.0033046647354206585,0.035289863739717986,-0.022787399983782326,-0.02581128664598309,0.03298264533857378,0.004699590891150114,-0.01918972406936328,-0.021576510799695844,-0.017733660556999598,-0.024474545151367932,0.02907856280840828,-0.0035456390840763502,0.02931651785753701,-0.03834790133300745,0.04608164259045293,-0.03214392817871638,0.04641406373245032,-0.045932830759186756,-0.04720083106676669,0.04720083106676669,0.015871316216437663,-0.015871316216437663,0.02160229384166908,-0.021602293841669052
purpose_A45,-0.022549376488054544,-0.028875015187177742,0.04020370670743722,0.02725316799381426,0.03956691215815238,0.07138985401936093,0.020827522893020818,-0.015713348950106513,0.0473823981879815,-0.038890398412697695,-0.00931990041112303,0.038964727440437726,-0.03404471434633872,-0.009015219473076963,0.02560484227359285,-0.0066805246965317925,-0.082896359220647,-0.050823468880033765,-0.016529284842227862,-0.07050813860423746,-0.09353080677240048,-0.016529284842227935,1.0,-0.03440845025155565,-0.014293096981478631,-0.04915683412367521,0.010227309119520432,0.016462677033515154,-0.010830947898486107,0.03010593596891463,-0.0357208759449803,0.046249311040348115,0.003902056841509335,-0.006596052920489956,-0.014889664809133226,-0.008875955207274737,0.02815236838763822,-0.026827810369197267,-0.0007670925458551311,0.02302142550192141,-0.022393526400161283,0.003369334089090025,0.02628373963128818,0.04236133351009997,-0.03398132940829586,-0.03335373192415283,0.03044659482033527,-0.060262582274256404,-0.0010952235407312063,0.054173892658747225,-0.03446473240623394,0.019802904091697864,0.013705961796487188,0.07045919315857745,0.04431314651943003,-0.012143574644029832,-0.06251050009247469,0.029951746609142193,-0.029951746609142196,0.05401715116772309,-0.05401715116772309,-0.006717662345598019,0.006717662345598053
purpose_A46,0.003749747884558776,-0.007388107930323709,0.04247090018024766,0.040552439264556636,0.06848303490972665,-0.010728427792657131,0.07008766440504555,-0.007201245940968137,-0.004656192001708996,0.016052107175315748,0.0028170206262876554,-0.04682929057908475,0.011690351948941755,-0.03217617207104246,0.009717749287841639,0.04385296224553749,-0.12679926712403108,-0.0777401886798921,-0.025283392706065923,-0.10785009601567692,-0.1430658458798272,-0.025283392706066235,-0.03440845025155565,1.0,-0.02186289288483937,-0.07519088413073624,-0.0014066645566401413,-0.002264277340191217,-0.021717556766604126,-0.008585668058149013,0.0219527206224255,-0.039955376371087224,0.004863330617711186,0.019870393945003808,-0.020574887477365186,0.014248409956274447,-0.031578947368422074,0.05456453926005226,-0.0036876839224200745,-0.05715034520698818,0.07346170947276497,-0.04743575576247373,-0.05373047781341677,-0.10298827706063891,0.015217966663680941,-0.03507506002038771,0.1563553567080376,0.013926228552919471,-0.007587974456553381,-0.008254343933401069,0.0005984461887325423,-0.09788018809053743,0.14191559529920322,-0.0031280409319598187,2.340080412705832e-17,0.0047517333624048814,-0.005168476327061003,0.04120428217151696,-0.04120428217151694,-0.01683107626476254,0.01683107626476254,0.04496876060068048,-0.044968760600680474
purpose_A48,-0.07215069519318579,-0.06976361297127953,0.04018027186178113,0.013389837218500825,-0.007370312883354528,-0.012159187773796083,-0.03928087850141765,-0.011063288633181305,0.013825653020465144,-0.02471069195297831,0.00983814791675658,0.03458249157736478,0.07647152213693591,0.004879585030164748,-0.02960249690547908,-0.03808439670938023,-0.05267177710516743,-0.03229288294115826,-0.010502594023463305,-0.044800386839396654,-0.05942883201504098,-0.01050259402346336,-0.014293096981478631,-0.02186289288483937,1.0,-0.03123391466766619,-0.030882466692928386,-0.032292882941158264,0.01887077533622418,-0.021398659685411388,0.06443580700737878,0.019407380622958628,-0.015375989886743213,-0.02350953586682187,0.040052204189432485,-0.006746851100487189,-0.02186289288483931,0.004807904365495604,-0.041104516440635,0.079572847780753,0.030515624221464897,-0.019704574095781073,-0.022319369940633226,-0.012660108200438731,0.0730480599537772,-0.022214758152886694,-0.04065927274908818,-0.007682572434632151,-0.02116347142451098,0.018341427776434195,-0.016876602997204594,0.03705417255403468,-0.03315995084001441,-0.014293096981478645,0.0847094583986368,-0.05855743468186833,-0.009899866693717261,0.017701215491208892,-0.017701215491208885,0.01372414257909794,-0.01372414257909794,0.018679796727355504,-0.018679796727355494
purpose_A49,0.16411273973368562,0.10301638980775864,-0.025325849366517383,-0.04889881697510702,-0.0017717816125563436,0.08497983861634908,0.03612906233429908,-0.0877122418165362,0.10596657167565704,-0.015450560767970732,-0.008422346857682098,0.1917385473621244,0.03517102551564647,-0.12463418624066057,0.17251224050058978,-0.06993969666937919,-0.18114883104151913,-0.11106171686729668,-0.036120532376480226,-0.15407753738706748,-0.20438770137169937,-0.03612053237648049,-0.04915683412367521,-0.07519088413073624,-0.03123391466766619,1.0,-0.017202440952217946,0.07791327930366243,-0.029357456148682175,0.02124371339265535,-0.03277787153053455,-0.02821840484891592,-0.03298454422047457,0.02224879431764913,0.04565046272775895,-0.019749420702775845,0.07984186665428616,-0.08087466342873646,0.03967536842732891,0.000888478682360045,0.05841378680626259,-0.03368803619909231,-0.04632432131656922,0.019868877001986154,-0.012039085298685937,0.020060887927713805,-0.036863827703142504,0.06365155279707854,0.07090153727711898,-0.09515527730999648,-0.012013457587880683,0.05108308863887156,-0.05961278232271646,-0.0030866990499405227,0.0050682907020829565,-0.00776823043202895,0.006127812525233479,-0.00032677144493049534,0.0003267714449305206,-0.08822128418915268,0.08822128418915268,0.046343443725090736,-0.04634344372509069
savings_account_A61,-0.04722782742149856,-0.03644257517600937,-0.008625692841245616,-0.08992082776732867,-0.04408408357726094,0.03390903125852722,0.16100658741138615,0.2464376992734076,-0.047044556299240085,0.02532892604161201,-0.19484075267856907,0.061327859144556116,-0.0430509506792654,-0.006511129769490846,-0.022105283864969627,0.014913220839516614,-0.01497495653453799,-0.08142158190909884,0.014340700103089155,0.10010077809246208,0.0007283176073588184,-0.023200399643217226,0.010227309119520432,-0.0014066645566401413,-0.030882466692928386,-0.017202440952217946,1.0,-0.4176243315544017,-0.31956843952002495,-0.27673592858102297,-0.5832811201871934,0.022154115208603317,0.08819171587646502,0.024105333232514573,-0.026535241962579528,-0.09195432817291227,-0.00140666455664014,0.031243531152375242,-0.038783104667863014,0.017848371759518564,-0.10500232200865839,0.03377701758737708,0.10718708168680198,0.05883871873125559,-0.0333901785119631,-0.013870610870552018,-0.01620578892378157,-0.004826798523668382,0.016021275821811582,-0.004422720633448119,-0.010327081804064957,0.000275606979990207,0.012353346400695119,-0.0037063545310525815,0.03781097000743842,-0.058799982866084656,0.03888526619825047,-0.01956839137988003,0.01956839137988012,0.060861400478233935,-0.060861400478233935,0.0033673826814777023,-0.0033673826814776477
savings_account_A62,0.05158684078924457,0.013545796763961624,-0.015355727056472857,0.01778913314949253,-0.07530153679723683,-0.010946156418788648,0.022255492664243964,-0.11965916596072874,0.14313640388951643,-0.020162287060034235,-0.010651412947497224,0.014774140544484867,0.045004953219342426,0.00929431559169893,0.05732202997713874,-0.0735777941162032,0.04583187458354922,-0.01741511619097066,0.02308391302860358,-0.08239789074136637,-0.013482105624064504,-0.007130632820353827,0.016462677033515154,-0.002264277340191217,-0.032292882941158264,0.07791327930366243,-0.4176243315544017,1.0,-0.08786640747653657,-0.0760894658453094,-0.16037508790516383,0.00837637811282655,-0.006241928600358893,-0.013323143333460748,0.05274498996859643,-0.030717343617207727,0.0128309049277492,0.0004979409159594169,-0.016155740585806235,0.01734735616324129,-0.004768943137501473,0.029482978924009126,-0.02009273309073353,-0.0661385962812902,0.008604579213779964,0.04054667974192899,0.019487104992945085,0.006495265290490291,-0.013073316717511154,0.0013358988577971246,0.030577564745409493,-0.0177382696730884,-0.011913988386631023,-0.05082346888003376,0.019739512212083657,0.00756374725192356,-0.01152537039591298,0.00031816983806398364,-0.00031816983806394803,0.024216930496902066,-0.024216930496902066,-0.0032940710685562848,0.0032940710685562687
savings_account_A63,-0.040257412412845424,-0.06425630788698243,-0.023186193676956787,0.03270175209326976,0.030987875493250272,-0.06159891375660843,-0.07095408007339192,-0.08547145846598621,-0.05519796157974017,0.0005251478036968175,0.1278468568732616,-0.031925514548978864,0.036474269390108685,0.021523533638766783,-0.022432024498526357,-0.01319385493187628,-0.016935022070734735,-0.020162287060034808,-0.02857673648115515,0.006381944493717407,0.04913369839806944,0.0470230954795715,-0.010830947898486107,-0.021717556766604126,0.01887077533622418,-0.029357456148682175,-0.31956843952002495,-0.08786640747653657,1.0,-0.058224078500396174,-0.12271990089510519,-0.015462897019719297,-0.06364962088308336,0.04036993355935761,-0.02130072007378026,0.038447876444829256,0.016052107175315636,-0.031414434258779586,0.012206377321550912,0.01714547726850818,0.08303062557560177,-0.05361460417784075,-0.06072925905676191,-0.025300280102030937,-0.025507803752004114,0.053173085507593504,-0.008004818698684316,0.0028910608162773114,0.0007584538453959932,-0.002982911466514399,0.0077624735448218905,0.0007369859956924942,-0.010661582543889773,0.045287953129941015,-0.006173780559537339,0.01969249631899463,-0.03852745216114162,-0.008700158434488516,0.008700158434488523,-0.004596493770736721,0.004596493770736721,0.029021775596152107,-0.029021775596152342
savings_account_A64,-0.04826122977213115,-0.055541634730842324,0.034707838789358986,-0.0023746964650771876,0.03200691416439515,0.036168809313463966,-0.08574929257125226,-0.07501443130147391,0.011477702771700361,-0.000462095861114312,0.05828423866407356,-0.04583492485141095,0.014042602886015517,-0.041615681731510194,-0.0036988793881590014,0.06101144097310836,-0.0025634601968651826,0.03164238304570361,-0.024746529156023545,0.02809101932732338,-0.04625925277592508,-0.024746529156023694,0.03010593596891463,-0.008585668058149013,-0.021398659685411388,0.02124371339265535,-0.27673592858102297,-0.0760894658453094,-0.058224078500396174,1.0,-0.10627146341667726,-0.05772933703173566,-0.015569374125287985,0.017076704621264285,0.007995972009881674,0.019971851007640703,0.03434267223259491,0.041672804714838946,-0.049854564385232,-0.006733136203271776,0.055794793254407775,-0.02283678864376099,-0.05258957337073766,0.07759714836704111,-0.01258967839193254,-0.03909837644870155,-0.03100105977506166,-0.00908701414995323,0.016445173637791827,-0.000865614911110634,0.004978780456980694,0.028707452546657644,-0.0479887747049463,-0.0017859453540885887,-0.018712029714127693,0.05581002971940147,-0.05406517388893823,-0.005687473420268287,0.0056874734202683125,-0.005796297580811098,0.005796297580811098,-0.030333904792473665,0.03033390479247368
savings_account_A65,0.07118497069845377,0.10654643757631226,0.018366928864560195,0.08056361525591402,0.07781110994728682,-0.015592529307361182,-0.12923771232590178,-0.1225930651250363,-0.024652493116974695,-0.016275368936474938,0.14236361032232714,-0.043816319869912725,-0.011585148432284613,0.010415320066683796,-0.0009494192016775868,0.013529423931636603,-0.005021262557896302,0.11189414722482773,-0.004655329259165764,-0.08143147355754564,0.0043775564510466205,0.019096350634535866,-0.0357208759449803,0.0219527206224255,0.06443580700737878,-0.03277787153053455,-0.5832811201871934,-0.16037508790516383,-0.12271990089510519,-0.10627146341667726,1.0,0.007013647119422105,-0.058086469798811914,-0.05483612682240618,0.0010778438945936177,0.1053029814224281,-0.0373789567354811,-0.04322525146684915,0.08166687741128652,-0.04327258912943594,0.05359726791512927,-0.019602938414179476,-0.05260312191521757,-0.04946271970427023,0.05847486866716421,-0.026118486058344253,0.027356076464814347,0.004208844163412379,-0.019564077723404485,0.006899094692429391,-0.018599535522683532,-0.002738503037583565,0.026963585039811104,0.01717281992616551,-0.049137949293236505,0.02522976452892857,0.013954307100896362,0.03312218372247598,-0.03312218372247598,-0.08995643763968497,0.08995643763968497,-0.0031375084461826167,0.0031375084461826475
current_employment_A71,-0.005155859895877792,0.08615943599716004,-0.04941974112033974,0.036123123454966086,0.11056187731043927,0.012683600491982026,0.03981491245900009,0.037300965104557965,0.05911836289623714,-0.04959732752682438,-0.06303622661392012,-0.03131834754727816,0.03768889812916045,-0.015453569743868429,0.00796274632882622,0.007598454541857838,0.034202248460509926,0.06294561663286928,0.1239989583679118,-0.0023909719006384557,-0.08644369471470599,0.009749303852022793,0.046249311040348115,-0.039955376371087224,0.019407380622958628,-0.02821840484891592,0.022154115208603317,0.00837637811282655,-0.015462897019719297,-0.05772933703173566,0.007013647119422105,1.0,-0.11717729834066651,-0.18411685375060752,-0.117999189977937,-0.14962163121919544,-0.0019026369700514453,0.0338913714684738,-0.01646380371378068,-0.02444755819285147,-0.003340976921472003,0.0723146840477881,-0.06021323057524531,-0.06896833452662475,0.0060514415905170175,-0.02275296361337226,0.10858776817532963,-0.019394218201441143,0.04087160202336807,-0.004987465615297635,-0.033510897193250566,-0.047722280220789594,0.11094194400566469,0.4137560613609795,-0.11818098247147873,-0.2324124514404677,0.27820617251808,-0.04136335281657601,0.041363352816576014,-0.08410063810640031,0.08410063810640031,0.050394384359177966,-0.0503943843591778
current_employment_A72,-0.05679165936764776,-0.051501558658059714,-0.03402138415880745,-0.16415524145616567,-0.20996695050748682,-0.09639882417570558,0.10639685329020668,0.011121999233121618,0.0820577443058613,0.04541415718937004,-0.10720101998400462,0.028667568367212706,0.007021474750790766,0.10533565792636865,-0.029333096226114862,-0.11292478347900367,0.004706695854616284,-0.05854859284917602,-0.050229771878679136,0.08168022162898757,-0.01274761960428741,0.04711474726604885,0.003902056841509335,0.004863330617711186,-0.015375989886743213,-0.03298454422047457,0.08819171587646502,-0.006241928600358893,-0.06364962088308336,-0.015569374125287985,-0.058086469798811914,-0.11717729834066651,1.0,-0.3263985151675637,-0.2091865009378322,-0.2652461046995958,0.029179983706266423,0.18723940989339516,-0.2249828921735836,0.06579095647502244,0.018211093632212363,-0.0006949006530898047,-0.02320123100871155,0.020587577916861593,0.08221189749962192,-0.045599782103857324,-0.06231325491706,0.0007046921921800422,0.01146887191483588,-0.006864556212252663,0.11206219094538945,-0.02129897821830626,-0.10736650889475294,0.021967134811459448,0.0635963000748889,-0.007464287862592395,-0.07056306173774138,-0.04876414722245051,0.04876414722245051,0.07283738627467398,-0.07283738627467398,-0.03700428426119233,0.03700428426119233
current_employment_A73,-0.03191997568472899,-0.03705229670479664,-0.06961446287303684,-0.1406630259906398,-0.1549752619776003,-0.07307887314253439,0.010602727744855166,-0.00419652245479287,-0.029493437742972455,0.014285548317472342,0.023492791928866268,0.04786485846848272,-0.015765460584639877,0.039490642637204094,0.02362358685723675,-0.07113986905897081,-0.016595844331896197,-0.04807312594551232,-0.001319286864938784,0.019977395232583153,0.009786276728553447,0.018081990560629358,-0.006596052920489956,0.019870393945003808,-0.02350953586682187,0.02224879431764913,0.024105333232514573,-0.013323143333460748,0.04036993355935761,0.017076704621264285,-0.05483612682240618,-0.18411685375060752,-0.3263985151675637,1.0,-0.32868790239386053,-0.41677252299257583,0.01987039394500377,0.008724235817549116,-0.04572316333819261,0.049789437807822905,-0.039808860967142576,-0.020231270366648676,0.07014212310158176,0.12395083923512164,-0.04828498640812017,0.006513415216724104,-0.10655367123036279,-0.055697140760329215,0.030613840689097945,0.03286799129066878,0.001757891273244838,0.04806795884211033,-0.0722274625114123,-0.09300722655135872,0.06443165109331007,0.0718895636929836,-0.13190268496865906,-0.03236732198123485,0.03236732198123482,0.09021816687459182,-0.09021816687459182,-0.038688758626274855,0.03868875862627494
current_employment_A74,0.07963496514496775,0.05375522188566946,-0.00071242674732172,-0.0311558023143995,-0.08352002955031688,0.03738040015991826,-0.0759800606761008,-0.009912102279711283,-0.004794414360608035,-0.04301399232024305,0.03478615765891584,-0.053304629114299076,0.018011278320383205,-0.017017837021101954,0.01571697778246165,0.02328636859509294,0.007999780344098104,0.009354902794693152,-0.05058208781387734,-0.03078840437619227,0.0016449326451706224,-0.0021318121300864554,-0.014889664809133226,-0.020574887477365186,0.040052204189432485,0.04565046272775895,-0.026535241962579528,0.05274498996859643,-0.02130072007378026,0.007995972009881674,0.0010778438945936177,-0.117999189977937,-0.2091865009378322,-0.32868790239386053,1.0,-0.26710656366526636,-0.05688351243742017,-0.039581243164214935,0.0670343978313247,-0.009199390330364762,-0.007429225454354236,-0.015085064616693563,0.023190457958363,-0.04143287948387966,0.0164473765237286,0.07411456625697731,-0.06427987609462393,-0.0014182060070266093,-0.02714550018021694,0.016025594514102293,0.005876180516105868,0.04045609257473907,-0.06622012422655389,-0.06883772571179111,-0.005275520899326663,0.05124683561951106,-0.03529889651880568,0.022084307070389022,-0.022084307070389022,-0.036037573851671195,0.036037573851671195,-0.007853398988822351,0.007853398988822159
current_employment_A75,0.01747059652405245,-0.009619328926827377,0.13337059236883478,0.30279596902914796,0.3625199896094385,0.12362216261741858,-0.059733333597895524,-0.017133081266602613,-0.06773108210087725,0.010045111279970905,0.07211026319543334,-0.013147156993717633,-0.02554225133666935,-0.11102719674656993,-0.01838303041650098,0.15096827171615498,-0.011963945875198896,0.06009520218385092,0.02036513892631343,-0.06448227883565495,0.04692774095324551,-0.06413751222021409,-0.008875955207274737,0.014248409956274447,-0.006746851100487189,-0.019749420702775845,-0.09195432817291227,-0.030717343617207727,0.038447876444829256,0.019971851007640703,0.1053029814224281,-0.14962163121919544,-0.2652461046995958,-0.41677252299257583,-0.26710656366526636,1.0,0.0036940322108854834,-0.15632139688392568,0.19576492461572412,-0.08974239751805668,0.035870434834192964,-0.004327001426435506,-0.043057532384638705,-0.07844908022757456,-0.03648969900858353,-0.01951855419951224,0.16593634475762858,0.0720309604772607,-0.04229074054117542,-0.0410388680402072,-0.08572794023974657,-0.0426583368797675,0.16805505560367193,-0.08728545350475404,-0.05520655920492306,0.01243508645589954,0.0813354905734252,0.08126171192891138,-0.08126171192891146,-0.08338592425244777,0.08338592425244777,0.0531436671766776,-0.0531436671766776
gender_A91,0.006414543335514194,0.03361898918013731,-0.09704703277901951,-0.038472826994581016,0.06242973188293838,-0.026622394892890273,0.05006261743217404,0.033948730864565416,0.005690901335422314,0.053821771117236246,-0.06291346065376255,-1.2307234264227918e-17,-0.009564833412770899,0.013789788030446799,0.009717749287841578,-0.016633882231066016,-0.01842382513767939,-0.03245464187607192,0.016855595137377142,0.07090696920367745,-0.07153292293991294,0.016855595137377236,0.02815236838763822,-0.031578947368422074,-0.02186289288483931,0.07984186665428616,-0.00140666455664014,0.0128309049277492,0.016052107175315636,0.03434267223259491,-0.0373789567354811,-0.0019026369700514453,0.029179983706266423,0.01987039394500377,-0.05688351243742017,0.0036940322108854834,1.0,-0.1537727924601473,-0.2526063486857912,-0.07302544109781779,0.04186527529093079,-0.02429636270760826,-0.03306490942364186,0.029570891433252512,-0.017391961901349406,0.013640301119039515,-0.03432190757005788,-0.02586299588399314,-0.029267901475277764,0.03891333568603135,-0.035308325135216825,0.05426518199838044,-0.03547889882480169,-0.03440845025155604,-0.022941573387056213,-0.004751733362404838,0.046516286943550623,-0.060221643173755356,0.06022164317375536,-0.016831076264761904,0.016831076264761904,0.020661322438149846,-0.020661322438149846
gender_A92,-0.08143219415134732,-0.09348243679016535,-0.08630171290720412,0.01381792707522542,-0.1616941534800316,-0.09425989293340803,0.07549269735627515,0.01483448392965065,0.012726245197731734,0.004182658385729986,-0.027169306670282858,-0.004413559511103503,0.018129460651618162,0.09400857677080514,-0.08609242721717583,-0.056199937846366316,-0.012971972245984734,-0.05640959233653796,-0.014297430984443114,0.10046706379871519,-0.008668058804494994,0.045275198117401556,-0.026827810369197267,0.05456453926005226,0.004807904365495604,-0.08087466342873646,0.031243531152375242,0.0004979409159594169,-0.031414434258779586,0.041672804714838946,-0.04322525146684915,0.0338913714684738,0.18723940989339516,0.008724235817549116,-0.039581243164214935,-0.15632139688392568,-0.1537727924601473,1.0,-0.7380356889809168,-0.21335719396665684,0.013623872783602397,-0.007741974285244315,-0.010907037087911978,0.007592152419790575,0.03626630109956389,0.027915210938211248,-0.08829712222366112,-0.019312749671711385,-0.04668909205968749,0.04256520239652966,0.2228453330825277,-0.11963816521790008,-0.10087158956916306,0.07635607566617542,0.010810968751610172,0.0076132903398922645,-0.05407006833059748,-0.20343118102086438,0.2034311810208644,0.07596578967969428,-0.07596578967969428,0.05120214147392039,-0.05120214147392041
gender_A93,0.1218886297181334,0.15245810148524888,0.11823278411502647,0.06363888701548186,0.2074338411611322,0.1181975445142866,-0.08067680281606358,-0.009694807241783055,-0.056240275800627175,-0.012603332681600861,0.0661543090719552,0.021327415312903934,0.01068548140612859,-0.1386490130161047,0.07642920300366714,0.0902179345816026,0.02737432641550533,0.0896101552296198,0.026277339814965595,-0.0740423927316485,-0.03329416864311536,-0.04753541247426637,-0.0007670925458551311,-0.0036876839224200745,-0.041104516440635,0.03967536842732891,-0.038783104667863014,-0.016155740585806235,0.012206377321550912,-0.049854564385232,0.08166687741128652,-0.01646380371378068,-0.2249828921735836,-0.04572316333819261,0.0670343978313247,0.19576492461572412,-0.2526063486857912,-0.7380356889809168,1.0,-0.3504871107008897,-0.014085528905903954,0.025656828591123757,-0.004488656165190369,-0.09616538388528802,-0.014927667565356842,-0.021060000700136614,0.16481776988723243,0.03384940745313749,0.06877388620494593,-0.06750156905272878,-0.2258598630529866,0.07673579298040924,0.16712258740920016,-0.05555941724979028,-0.018083521747742623,-0.02180723750622754,0.0729700884589695,0.28348305885279684,-0.28348305885279684,-0.0802897284669138,0.0802897284669138,-0.02899570021775148,0.028995700217751417
gender_A94,-0.08441806392712917,-0.1382888547166838,0.007686217587416748,-0.10268358168034786,-0.14552907056927533,-0.03262348836672534,-0.019630296651358216,-0.03264339358983212,0.07218782514163351,-0.02557581160651274,-0.0229982483596977,-0.02966243718985606,-0.04019781024330574,0.07791886351744275,-0.0011724535335849123,-0.052878511112162435,-0.012487175133916768,-0.03956654201012209,-0.035080287191386714,-0.08673596945370954,0.1251422396146743,-0.0033046647354206585,0.02302142550192141,-0.05715034520698818,0.079572847780753,0.000888478682360045,0.017848371759518564,0.01734735616324129,0.01714547726850818,-0.006733136203271776,-0.04327258912943594,-0.02444755819285147,0.06579095647502244,0.049789437807822905,-0.009199390330364762,-0.08974239751805668,-0.07302544109781779,-0.21335719396665684,-0.3504871107008897,1.0,-0.029115164340814473,-0.013470360865669453,0.05011564932224883,0.13114555432858574,-0.019213043540498468,-0.018690589359622485,-0.11663712903806049,-0.00788098323605988,-0.02164490917945563,0.01877968923761307,0.05895372402551591,0.018387043863222752,-0.0996120819600913,-0.0005661006270961869,0.031139072418215993,0.028951654701364106,-0.07420607182354914,-0.1172085865466284,0.1172085865466284,0.02938847562861221,-0.02938847562861221,-0.04758322184056436,0.0475832218405644
other_debtor_A101,0.009992517436379321,-0.004116412183565235,0.013823003203581445,0.02055274496178327,0.030821711822058385,0.02296558537243253,-0.0007513550934164727,-0.08119783635114865,-0.06198493969034915,0.04051622435921612,0.11022059236473794,0.047792326701318284,-0.054916595584993316,-0.06008778201228615,0.08731371173447217,0.01701378030468529,0.006197086241184478,0.06319699231382697,-0.12281884477156231,-0.019379053210558578,-0.08404660448268463,0.035289863739717986,-0.022393526400161283,0.07346170947276497,0.030515624221464897,0.05841378680626259,-0.10500232200865839,-0.004768943137501473,0.08303062557560177,0.055794793254407775,0.05359726791512927,-0.003340976921472003,0.018211093632212363,-0.039808860967142576,-0.007429225454354236,0.035870434834192964,0.04186527529093079,0.013623872783602397,-0.014085528905903954,-0.029115164340814473,1.0,-0.6457208265764921,-0.7314079429820176,-0.12835262190692545,-0.011615563116870415,0.12338635245489986,0.012610746493400328,-0.06044344197841746,0.038573678538878366,0.032758395508175414,-0.048078845606700824,0.0023519476359428644,0.05595458192318417,0.0010797717132154643,-0.029266703509655472,-0.010055481193374112,0.046192979955466736,-0.005565658365719964,0.005565658365719973,-0.06716511453979389,0.06716511453979389,0.11964057937709542,-0.11964057937709546
other_debtor_A102,0.029698126317616917,0.07907610223225557,-0.013048035294304624,0.0016228795687964607,-0.018356935516763238,-0.00600073742873312,0.06272836622171578,0.06519733056110974,-0.023075227242550327,-0.012101166951483189,-0.03255187686670112,-0.042206273018348055,0.023151765987738087,0.022937060572717414,-0.046426676981127075,0.01093635007509209,0.004836180349836506,-0.05347419306250917,0.1624760145185101,0.05997747429328257,-0.005391315426022448,-0.022787399983782326,0.003369334089090025,-0.04743575576247373,-0.019704574095781073,-0.03368803619909231,0.03377701758737708,0.029482978924009126,-0.05361460417784075,-0.02283678864376099,-0.019602938414179476,0.0723146840477881,-0.0006949006530898047,-0.020231270366648676,-0.015085064616693563,-0.004327001426435506,-0.02429636270760826,-0.007741974285244315,0.025656828591123757,-0.013470360865669453,-0.6457208265764921,1.0,-0.0484261706286077,0.0049089216701452216,-0.018064500472102247,-0.038680246814520716,0.06547198532883498,0.0043878956183782845,-0.022089359479692868,0.008113428751069253,0.04816154416252475,-0.036042819702819064,-0.006954216900953396,0.037750294181842704,-0.027737125883781695,-0.008669733017308851,0.02743817584412079,-0.03281674300106303,0.03281674300106304,0.01607391636703067,-0.01607391636703067,-0.06633786375082022,0.06633786375082022
other_debtor_A103,-0.03959427154904099,-0.06523744486461792,-0.0064287267638155,-0.028334320470313222,-0.023923324588374848,-0.024681966197397032,-0.05503925403760121,0.047987375648858965,0.10169045065413587,-0.042191634192060755,-0.11510723625917955,-0.024822887717288147,0.05115950418942477,0.058115658501395634,-0.0727514108759392,-0.032022789118442196,-0.012425523319967295,-0.0349103828626611,0.015552954773860693,-0.028215660730536055,0.11475587270727687,-0.02581128664598309,0.02628373963128818,-0.05373047781341677,-0.022319369940633226,-0.04632432131656922,0.10718708168680198,-0.02009273309073353,-0.06072925905676191,-0.05258957337073766,-0.05260312191521757,-0.06021323057524531,-0.02320123100871155,0.07014212310158176,0.023190457958363,-0.043057532384638705,-0.03306490942364186,-0.010907037087911978,-0.004488656165190369,0.05011564932224883,-0.7314079429820176,-0.0484261706286077,1.0,0.16351330921896068,0.031327490596551884,-0.12685611287970797,-0.07496845169678784,0.07514697553484365,-0.030730241513924023,-0.050097117386123276,0.01987908653210597,0.029112923186339554,-0.06698316350887082,-0.03512686698387027,0.06305538695530266,0.020896379220017126,-0.08492957472636745,0.03658872587522651,-0.03658872587522651,0.0735028894025698,-0.0735028894025698,-0.09725553545119682,0.09725553545119686
property_A121,-0.24258554365432364,-0.24833755065593296,-0.03455499385592288,-0.08519421008137744,0.011537700288040492,0.008568158712815799,-0.11929951647280092,-0.036214671540540595,-0.004299972549324401,0.02958102163773232,0.022249243501739322,-0.07122086684623333,-0.029011214760764386,0.03802631405267123,-0.04562457861051297,0.031123022434003833,0.04205637639062022,-0.13194086983110193,-0.04865756589551808,-0.05219110454147329,0.12393737238574946,0.03298264533857378,0.04236133351009997,-0.10298827706063891,-0.012660108200438731,0.019868877001986154,0.05883871873125559,-0.0661385962812902,-0.025300280102030937,0.07759714836704111,-0.04946271970427023,-0.06896833452662475,0.020587577916861593,0.12395083923512164,-0.04143287948387966,-0.07844908022757456,0.029570891433252512,0.007592152419790575,-0.09616538388528802,0.13114555432858574,-0.12835262190692545,0.0049089216701452216,0.16351330921896068,1.0,-0.34444962356706066,-0.44181773271943847,-0.26738528983830756,-0.06551175825179478,-0.0026671753026716984,0.05969582385484201,0.026214748026715102,0.12249531125795007,-0.21090782350696402,0.027210641982882162,0.23668069260478494,-0.07668617636421902,-0.17358268319277836,0.020202956005566253,-0.020202956005566187,0.1627168219374444,-0.1627168219374444,-0.11262364908018528,0.11262364908018528
property_A122,-0.05670584633552901,-0.0325557456069884,-0.020627846160320724,-0.023708476245394995,-0.028685933018192025,-0.009946198718350228,0.007237586810204587,0.08728150617011277,-0.03957687896501593,-0.02550780375200362,-0.03106801295791585,0.00870446897704905,-0.03696231653452708,-0.004556797893011037,0.02160872545131777,0.005330056799660578,-0.007207239382664114,-0.03815943825241597,-0.03881513958246546,0.16618299594905495,-0.10531510633804333,0.004699590891150114,-0.03398132940829586,0.015217966663680941,0.0730480599537772,-0.012039085298685937,-0.0333901785119631,0.008604579213779964,-0.025507803752004114,-0.01258967839193254,0.05847486866716421,0.0060514415905170175,0.08221189749962192,-0.04828498640812017,0.0164473765237286,-0.03648969900858353,-0.017391961901349406,0.03626630109956389,-0.014927667565356842,-0.019213043540498468,-0.011615563116870415,-0.018064500472102247,0.031327490596551884,-0.34444962356706066,1.0,-0.38747545154358304,-0.23449768590886766,-0.015394398643527124,0.012268474721272392,0.007013894063133465,0.02763624908817496,0.0973260014250878,-0.17598070616427122,-0.03398132940829637,0.021321507475657003,0.018842368157783736,-0.03559922663456688,-0.0062842351422873295,0.006284235142287323,0.022826485651517174,-0.022826485651517174,-0.04287254392351015,0.04287254392351008
property_A123,0.11948564076365473,0.07567860998973859,0.01702325073282343,-0.041461747025947036,-0.14348473277090967,0.010577443823454727,0.011121012304337919,-0.08078482539673072,0.01289089152763387,0.0007341451647991455,0.06167397017214612,0.04031067352952547,-0.012473079257200979,0.012933898449179061,0.013372075552834277,-0.03394625742019608,-0.0536064266450136,0.061504646527902544,0.019813780136659083,-0.04462902126780686,0.06639946357405103,-0.01918972406936328,-0.03335373192415283,-0.03507506002038771,-0.022214758152886694,0.020060887927713805,-0.013870610870552018,0.04054667974192899,0.053173085507593504,-0.03909837644870155,-0.026118486058344253,-0.02275296361337226,-0.045599782103857324,0.006513415216724104,0.07411456625697731,-0.01951855419951224,0.013640301119039515,0.027915210938211248,-0.021060000700136614,-0.018690589359622485,0.12338635245489986,-0.038680246814520716,-0.12685611287970797,-0.44181773271943847,-0.38747545154358304,1.0,-0.30078487194525855,-0.0009084383638966435,0.024039983283594097,-0.012267903729201661,0.003168404793415197,0.16093425727551677,-0.23846572652416526,-0.03335373192415276,-0.15607382211056348,0.10485227097860955,0.04702573331821164,-0.07310827986283032,0.07310827986283032,-0.06868478913667346,0.06868478913667346,0.10443927613908179,-0.10443927613908179
property_A124,0.2128379213696253,0.2489216136323249,0.04499045557826584,0.18802753943837516,0.20636819071634965,-0.012850326123469074,0.1257500439913789,0.04847615071224104,0.03482463666126376,-0.00800481869868438,-0.07187076467348882,0.0260139720257505,0.09566554455987261,-0.05895112684943188,0.014160685082696753,-0.0007426270626843881,0.025939750250484502,0.12886281122089127,0.08019948353848838,-0.07105036979407832,-0.11797692765357265,-0.021576510799695844,0.03044659482033527,0.1563553567080376,-0.04065927274908818,-0.036863827703142504,-0.01620578892378157,0.019487104992945085,-0.008004818698684316,-0.03100105977506166,0.027356076464814347,0.10858776817532963,-0.06231325491706,-0.10655367123036279,-0.06427987609462393,0.16593634475762858,-0.03432190757005788,-0.08829712222366112,0.16481776988723243,-0.11663712903806049,0.012610746493400328,0.06547198532883498,-0.07496845169678784,-0.26738528983830756,-0.23449768590886766,-0.30078487194525855,1.0,0.10085772579332404,-0.04238731655051408,-0.06661560809155757,-0.06913321286435607,-0.47649627071971834,0.779852640966377,0.04933406058977449,-0.11636000961466386,-0.06323607644814846,0.19667184553477082,0.0775478389794835,-0.07754783897948352,-0.13993039048192255,0.13993039048192255,0.05427594069885634,-0.05427594069885631
other_installments_A141,0.03585052108105718,0.039474433302217504,-0.016149550957712616,0.014529536030862681,0.04655234475619145,0.04219035084899252,0.0965101093279986,0.012404788551947727,0.049600240212029835,-0.009006308798032955,-0.05185708105842719,0.06549503553050107,0.23017244830080796,-0.07917219304827476,-0.0023672288977444784,-0.049074786549592436,0.010063897251562908,-0.012524545223390488,0.14155071570347197,-0.023716981331474773,-0.03811250259839349,-0.017733660556999598,-0.060262582274256404,0.013926228552919471,-0.007682572434632151,0.06365155279707854,-0.004826798523668382,0.006495265290490291,0.0028910608162773114,-0.00908701414995323,0.004208844163412379,-0.019394218201441143,0.0007046921921800422,-0.055697140760329215,-0.0014182060070266093,0.0720309604772607,-0.02586299588399314,-0.019312749671711385,0.03384940745313749,-0.00788098323605988,-0.06044344197841746,0.0043878956183782845,0.07514697553484365,-0.06551175825179478,-0.015394398643527124,-0.0009084383638966435,0.10085772579332404,1.0,-0.08922946787397233,-0.8405461334782369,-0.021723819636549173,-0.032634064585841734,0.0743934629859305,-0.0011429789966993535,0.044804612160276466,-0.07525843190725477,0.05232584340372613,0.07551936920824234,-0.07551936920824234,-0.010862708575197038,0.010862708575197038,0.0021898433864661095,-0.0021898433864660995
other_installments_A142,0.06568784640365108,0.024261975653094004,0.056071314285576906,-0.0544603159881768,-0.011080141475927043,0.023495621214142743,0.05052322368637382,0.011886497021481495,-0.017506823595290665,0.020205988342731795,-0.005008987610255573,0.0028934784659654907,0.12469887680303134,-0.06541778035840536,0.09780472292977016,-0.04953025001614101,-0.06694047174636034,0.0024716496528947173,0.01892003845034869,0.030594662090787747,-0.00168375671009686,-0.024474545151367932,-0.0010952235407312063,-0.007587974456553381,-0.02116347142451098,0.07090153727711898,0.016021275821811582,-0.013073316717511154,0.0007584538453959932,0.016445173637791827,-0.019564077723404485,0.04087160202336807,0.01146887191483588,0.030613840689097945,-0.02714550018021694,-0.04229074054117542,-0.029267901475277764,-0.04668909205968749,0.06877388620494593,-0.02164490917945563,0.038573678538878366,-0.022089359479692868,-0.030730241513924023,-0.0026671753026716984,0.012268474721272392,0.024039983283594097,-0.04238731655051408,-0.08922946787397233,1.0,-0.4645775389070071,-0.09136934819611878,0.09911499286814437,-0.031603680670789176,-0.033307680621053236,0.030712698567835605,-0.03532975988908991,0.02719786771306018,0.009335045927025736,-0.009335045927025753,-0.029003190544378284,0.029003190544378284,0.043530153350754025,-0.04353015335075401
other_installments_A143,-0.06760219034802203,-0.048292206442114495,-0.016139499831094403,0.016703583512616693,-0.03536211220976702,-0.05029004389714131,-0.11328516656015228,-0.017494015255399464,-0.03457639779082324,-0.0029829114665144885,0.048829472676027344,-0.05980404449377951,-0.2724663792722132,0.10597168310313189,-0.051092272091443264,0.07057133428974728,0.027461964928620363,0.00979095491980446,-0.13614054405754888,0.004445537891496796,0.034800833112032345,0.02907856280840828,0.054173892658747225,-0.008254343933401069,0.018341427776434195,-0.09515527730999648,-0.004422720633448119,0.0013358988577971246,-0.002982911466514399,-0.000865614911110634,0.006899094692429391,-0.004987465615297635,-0.006864556212252663,0.03286799129066878,0.016025594514102293,-0.0410388680402072,0.03891333568603135,0.04256520239652966,-0.06750156905272878,0.01877968923761307,0.032758395508175414,0.008113428751069253,-0.050097117386123276,0.05969582385484201,0.007013894063133465,-0.012267903729201661,-0.06661560809155757,-0.8405461334782369,-0.4645775389070071,1.0,0.0690108529728663,-0.024895335614211353,-0.04895211336023488,0.01913256493640127,-0.05653976593716236,0.08612687822509428,-0.06131498374507768,-0.0722200982322193,0.0722200982322193,0.025432918003474397,-0.025432918003474397,-0.025623410776272015,0.025623410776272004
housing_A151,-0.06441714422185223,-0.02461088069769649,-0.09137347358200255,0.16728493368261543,-0.2126204160029229,-0.058070495578222116,0.09278544671299907,0.09330993822453285,-0.0008882680161627376,-0.035183438183100366,-0.06686977937425963,0.03780546932146547,0.014851334857065293,0.08430423844262899,-0.043756198383336706,-0.08853246072289206,-0.011620405435334174,0.03915953632705652,-0.05145968076078772,0.10569954175419785,-0.07041403987824606,-0.0035456390840763502,-0.03446473240623394,0.0005984461887325423,-0.016876602997204594,-0.012013457587880683,-0.010327081804064957,0.030577564745409493,0.0077624735448218905,0.004978780456980694,-0.018599535522683532,-0.033510897193250566,0.11206219094538945,0.001757891273244838,0.005876180516105868,-0.08572794023974657,-0.035308325135216825,0.2228453330825277,-0.2258598630529866,0.05895372402551591,-0.048078845606700824,0.04816154416252475,0.01987908653210597,0.026214748026715102,0.02763624908817496,0.003168404793415197,-0.06913321286435607,-0.021723819636549173,-0.09136934819611878,0.0690108529728663,1.0,-0.7359676982390738,-0.1624741926097879,0.018886246550784407,0.014347115529075914,0.012048573525199911,-0.04034426236402728,-0.0630329330511107,0.0630329330511107,0.04952421192692449,-0.04952421192692449,-0.03284861643785467,0.03284861643785468
housing_A152,-0.0751692492915072,-0.11749726455770337,0.049921863639406226,-0.29754731911799465,0.006552664340659248,0.04138556822111684,-0.13458877572232986,-0.12570547491829492,0.0010119883108564275,0.01893417107452092,0.10440661911946285,-0.039709218318577155,-0.060798524150548934,-0.043805003012403164,0.01760413242285606,0.08301149661073558,-0.009617929714854359,-0.14137524566426926,-0.011288077513012798,-0.04049551553876826,0.13470543412658967,0.02931651785753701,0.019802904091697864,-0.09788018809053743,0.03705417255403468,0.05108308863887156,0.000275606979990207,-0.0177382696730884,0.0007369859956924942,0.028707452546657644,-0.002738503037583565,-0.047722280220789594,-0.02129897821830626,0.04806795884211033,0.04045609257473907,-0.0426583368797675,0.05426518199838044,-0.11963816521790008,0.07673579298040924,0.018387043863222752,0.0023519476359428644,-0.036042819702819064,0.029112923186339554,0.12249531125795007,0.0973260014250878,0.16093425727551677,-0.47649627071971834,-0.032634064585841734,0.09911499286814437,-0.024895335614211353,-0.7359676982390738,1.0,-0.5484452343874174,-0.04047990897283071,0.06300269782979234,0.012866175464130769,-0.0717409100060596,-0.027578957005980686,0.027578957005980686,0.0362747343363434,-0.0362747343363434,-0.018960384048639194,0.018960384048639162
housing_A153,0.18911677352230463,0.2016425140432529,0.04009756833750918,0.22704367249336926,0.2530583530153402,0.011406061407484618,0.08155564690569003,0.06796094545646535,-0.00037781066240312054,0.015859767067776823,-0.06957545491286535,0.011180185145523016,0.07026739457570147,-0.04028129470129235,0.028386478605222955,-0.011637615149979711,0.028369996696756706,0.1576801523483312,0.08000981883059304,-0.07153012273766848,-0.10935670047980708,-0.03834790133300745,0.013705961796487188,0.14191559529920322,-0.03315995084001441,-0.05961278232271646,0.012353346400695119,-0.011913988386631023,-0.010661582543889773,-0.0479887747049463,0.026963585039811104,0.11094194400566469,-0.10736650889475294,-0.0722274625114123,-0.06622012422655389,0.16805505560367193,-0.03547889882480169,-0.10087158956916306,0.16712258740920016,-0.0996120819600913,0.05595458192318417,-0.006954216900953396,-0.06698316350887082,-0.21090782350696402,-0.17598070616427122,-0.23846572652416526,0.779852640966377,0.0743934629859305,-0.031603680670789176,-0.04895211336023488,-0.1624741926097879,-0.5484452343874174,1.0,0.035670644162650686,-0.10954299534550059,-0.03363296030783567,0.15438763585322032,0.11804701658367954,-0.11804701658367954,-0.11403592589461,0.11403592589461,0.06820515010110649,-0.06820515010110681
occupation_A171,-0.044043288757810106,-0.027968870895467113,-0.08783357580032389,-0.03454539888558343,0.059953573572003094,0.059582071349932854,0.0059507208265775526,-0.00042799004922501003,0.04738239818798106,0.07334740364415342,-0.07907963402731331,0.004174792225761033,0.06069938865831469,-0.02267464291713426,-0.04658926188127461,0.023276985153385096,0.09423261347304422,-0.028394753575518034,0.046081642590453976,-0.052801423736273057,-0.0631636617164272,0.04608164259045293,0.07045919315857745,-0.0031280409319598187,-0.014293096981478645,-0.0030866990499405227,-0.0037063545310525815,-0.05082346888003376,0.045287953129941015,-0.0017859453540885887,0.01717281992616551,0.4137560613609795,0.021967134811459448,-0.09300722655135872,-0.06883772571179111,-0.08728545350475404,-0.03440845025155604,0.07635607566617542,-0.05555941724979028,-0.0005661006270961869,0.0010797717132154643,0.037750294181842704,-0.03512686698387027,0.027210641982882162,-0.03398132940829637,-0.03335373192415276,0.04933406058977449,-0.0011429789966993535,-0.033307680621053236,0.01913256493640127,0.018886246550784407,-0.04047990897283071,0.035670644162650686,1.0,-0.07499147872518945,-0.19570923786773098,-0.06251050009247473,-0.007723406358332332,0.00772340635833234,0.040123850970263414,-0.040123850970263414,-0.04283412656924676,0.04283412656924678
occupation_A172,-0.18120295558437996,-0.1617569670307145,-0.05723713605469475,0.009064819726578346,0.04371236958564402,-0.010392029460281137,-0.021821789023599398,0.023542127493197933,0.018040773686374,0.014405487972252736,-0.04502339685014776,-0.025515518153991248,0.0370596820071723,0.010018048746260626,-0.02294428884819934,-0.0032957005310894653,0.07204063393595664,-0.11185723586847474,-0.03214392817871599,-0.020778239539602162,0.005567942539842272,-0.03214392817871638,0.04431314651943003,2.340080412705832e-17,0.0847094583986368,0.0050682907020829565,0.03781097000743842,0.019739512212083657,-0.006173780559537339,-0.018712029714127693,-0.049137949293236505,-0.11818098247147873,0.0635963000748889,0.06443165109331007,-0.005275520899326663,-0.05520655920492306,-0.022941573387056213,0.010810968751610172,-0.018083521747742623,0.031139072418215993,-0.029266703509655472,-0.027737125883781695,0.06305538695530266,0.23668069260478494,0.021321507475657003,-0.15607382211056348,-0.11636000961466386,0.044804612160276466,0.030712698567835605,-0.05653976593716236,0.014347115529075914,0.06300269782979234,-0.10954299534550059,-0.07499147872518945,1.0,-0.6524382543012615,-0.20839201051611633,0.14506582086778008,-0.14506582086778008,0.253720488565715,-0.253720488565715,-0.08741177488463275,0.08741177488463278
occupation_A173,0.05500988635447783,-0.09263644304120024,0.04262294002639083,-0.0006571372397738824,-0.14828272492143335,-0.0014708278304141316,-0.013559399939321039,-0.002879233992381987,-0.06758690602418264,-0.02293195458791987,0.07536612683515526,0.029595200216856618,-0.06591697999430769,0.01701476112102331,-0.003216938693730679,0.001865817675118789,-0.08522258444270737,-0.03332137302874328,-0.12478535167413138,0.06439346208018917,0.08580182859662945,0.04641406373245032,-0.012143574644029832,0.0047517333624048814,-0.05855743468186833,-0.00776823043202895,-0.058799982866084656,0.00756374725192356,0.01969249631899463,0.05581002971940147,0.02522976452892857,-0.2324124514404677,-0.007464287862592395,0.0718895636929836,0.05124683561951106,0.01243508645589954,-0.004751733362404838,0.0076132903398922645,-0.02180723750622754,0.028951654701364106,-0.010055481193374112,-0.008669733017308851,0.020896379220017126,-0.07668617636421902,0.018842368157783736,0.10485227097860955,-0.06323607644814846,-0.07525843190725477,-0.03532975988908991,0.08612687822509428,0.012048573525199911,0.012866175464130769,-0.03363296030783567,-0.19570923786773098,-0.6524382543012615,1.0,-0.5438516782058592,-0.10673663224582342,0.10673663224582344,0.061288877474007436,-0.061288877474007436,0.04729248424162888,-0.0472924842416289
occupation_A174,0.147515039567736,0.3197145375812628,0.042804949440274194,0.004952337642038267,0.12760462524257252,-0.01090611977591901,0.040558663268551676,-0.022427388709184242,0.05199868375154404,-0.015346073002813465,-0.019087772494373063,-0.013221220857494796,0.02280355066080836,-0.02505217583618105,0.04946419679647025,-0.008439567638518566,-0.004203819977090813,0.1830347407891125,0.18683489268264092,-0.0423347138918553,-0.09683924102960811,-0.045932830759186756,-0.06251050009247469,-0.005168476327061003,-0.009899866693717261,0.006127812525233479,0.03888526619825047,-0.01152537039591298,-0.03852745216114162,-0.05406517388893823,0.013954307100896362,0.27820617251808,-0.07056306173774138,-0.13190268496865906,-0.03529889651880568,0.0813354905734252,0.046516286943550623,-0.05407006833059748,0.0729700884589695,-0.07420607182354914,0.046192979955466736,0.02743817584412079,-0.08492957472636745,-0.17358268319277836,-0.03559922663456688,0.04702573331821164,0.19667184553477082,0.05232584340372613,0.02719786771306018,-0.06131498374507768,-0.04034426236402728,-0.0717409100060596,0.15438763585322032,-0.06251050009247473,-0.20839201051611633,-0.5438516782058592,1.0,-0.015095825650333235,0.015095825650333242,-0.3857060971948176,0.3857060971948176,0.05185792163489383,-0.05185792163489375
number_of_people_bad,-0.0238344753976219,0.01714215415846393,-0.07120694300823428,0.042643425975225406,0.11820083281906783,0.1096667004159337,-0.0030148530833447092,0.059041190411523094,-0.06664257307512218,-0.008700158434488675,0.010913867639032317,0.011280547309335415,0.06918519928545651,-0.07833852182059863,0.04252590165134896,0.02176463755953985,0.10266258739465288,0.054861570649025776,0.003552750725454922,-0.0865150718586229,-0.08246417735743704,-0.04720083106676669,0.029951746609142193,0.04120428217151696,0.017701215491208892,-0.00032677144493049534,-0.01956839137988003,0.00031816983806398364,-0.008700158434488516,-0.005687473420268287,0.03312218372247598,-0.04136335281657601,-0.04876414722245051,-0.03236732198123485,0.022084307070389022,0.08126171192891138,-0.060221643173755356,-0.20343118102086438,0.28348305885279684,-0.1172085865466284,-0.005565658365719964,-0.03281674300106303,0.03658872587522651,0.020202956005566253,-0.0062842351422873295,-0.07310827986283032,0.0775478389794835,0.07551936920824234,0.009335045927025736,-0.0722200982322193,-0.0630329330511107,-0.027578957005980686,0.11804701658367954,-0.007723406358332332,0.14506582086778008,-0.10673663224582342,-0.015095825650333235,1.0,-1.0,0.014753439338347586,-0.014753439338347586,-0.07707085312345105,0.07707085312345105
number_of_people_good,0.023834475397621905,-0.017142154158463922,0.07120694300823428,-0.04264342597522542,-0.11820083281906786,-0.10966670041593368,0.0030148530833447114,-0.059041190411523094,0.06664257307512218,0.008700158434488679,-0.010913867639032303,-0.011280547309335415,-0.06918519928545651,0.07833852182059861,-0.042525901651348924,-0.02176463755953985,-0.10266258739465291,-0.05486157064902568,-0.0035527507254549144,0.0865150718586229,0.08246417735743704,0.04720083106676669,-0.029951746609142196,-0.04120428217151694,-0.017701215491208885,0.0003267714449305206,0.01956839137988012,-0.00031816983806394803,0.008700158434488523,0.0056874734202683125,-0.03312218372247598,0.041363352816576014,0.04876414722245051,0.03236732198123482,-0.022084307070389022,-0.08126171192891146,0.06022164317375536,0.2034311810208644,-0.28348305885279684,0.1172085865466284,0.005565658365719973,0.03281674300106304,-0.03658872587522651,-0.020202956005566187,0.006284235142287323,0.07310827986283032,-0.07754783897948352,-0.07551936920824234,-0.009335045927025753,0.0722200982322193,0.0630329330511107,0.027578957005980686,-0.11804701658367954,0.00772340635833234,-0.14506582086778008,0.10673663224582344,0.015095825650333242,-1.0,1.0,-0.014753439338347602,0.014753439338347602,0.07707085312345102,-0.07707085312345104
contact_number_A191,-0.16471820703747264,-0.2769951117839668,-0.0144128799512796,-0.09535936697416564,-0.1452587006839685,-0.06555321277948434,0.03646619017996305,0.06714933856153178,-0.015276095832838692,0.028954555650698734,-0.06182543360145005,0.0016639510957850013,0.016955250926114687,0.05765460758225774,-0.04638445531684469,-0.04311007238847507,0.03627477804867043,-0.13669290669181755,-0.11514190726830366,0.05358670898201445,0.08224303280142908,0.015871316216437663,0.05401715116772309,-0.01683107626476254,0.01372414257909794,-0.08822128418915268,0.060861400478233935,0.024216930496902066,-0.004596493770736721,-0.005796297580811098,-0.08995643763968497,-0.08410063810640031,0.07283738627467398,0.09021816687459182,-0.036037573851671195,-0.08338592425244777,-0.016831076264761904,0.07596578967969428,-0.0802897284669138,0.02938847562861221,-0.06716511453979389,0.01607391636703067,0.0735028894025698,0.1627168219374444,0.022826485651517174,-0.06868478913667346,-0.13993039048192255,-0.010862708575197038,-0.029003190544378284,0.025432918003474397,0.04952421192692449,0.0362747343363434,-0.11403592589461,0.040123850970263414,0.253720488565715,0.061288877474007436,-0.3857060971948176,0.014753439338347586,-0.014753439338347602,1.0,-1.0,-0.10740090936998502,0.10740090936998495
contact_number_A192,0.16471820703747264,0.2769951117839668,0.0144128799512796,0.09535936697416564,0.1452587006839685,0.06555321277948434,-0.03646619017996305,-0.06714933856153178,0.015276095832838692,-0.028954555650698734,0.06182543360145005,-0.0016639510957850013,-0.016955250926114687,-0.05765460758225774,0.04638445531684469,0.04311007238847507,-0.03627477804867043,0.13669290669181755,0.11514190726830366,-0.05358670898201445,-0.08224303280142908,-0.015871316216437663,-0.05401715116772309,0.01683107626476254,-0.01372414257909794,0.08822128418915268,-0.060861400478233935,-0.024216930496902066,0.004596493770736721,0.005796297580811098,0.08995643763968497,0.08410063810640031,-0.07283738627467398,-0.09021816687459182,0.036037573851671195,0.08338592425244777,0.016831076264761904,-0.07596578967969428,0.0802897284669138,-0.02938847562861221,0.06716511453979389,-0.01607391636703067,-0.0735028894025698,-0.1627168219374444,-0.022826485651517174,0.06868478913667346,0.13993039048192255,0.010862708575197038,0.029003190544378284,-0.025432918003474397,-0.04952421192692449,-0.0362747343363434,0.11403592589461,-0.040123850970263414,-0.253720488565715,-0.061288877474007436,0.3857060971948176,-0.014753439338347586,0.014753439338347602,-1.0,1.0,0.10740090936998502,-0.10740090936998495
foreign_A201,0.13819628529347414,0.0500500070649373,0.0900244285841653,0.05409739617849072,0.0061513959688097135,0.009716974731549942,0.0820794987814968,-0.05775071388847058,0.059172442172905855,-0.036391693065348424,0.017108367485813986,-0.01405800604908569,0.019952082941496526,-0.004139651084832623,0.060887989688133436,-0.03676987074606817,-0.15443624123819522,0.03156382383680041,-0.027051521117044848,0.00959041795153736,0.06324198898586911,0.02160229384166908,-0.006717662345598019,0.04496876060068048,0.018679796727355504,0.046343443725090736,0.0033673826814777023,-0.0032940710685562848,0.029021775596152107,-0.030333904792473665,-0.0031375084461826167,0.050394384359177966,-0.03700428426119233,-0.038688758626274855,-0.007853398988822351,0.0531436671766776,0.020661322438149846,0.05120214147392039,-0.02899570021775148,-0.04758322184056436,0.11964057937709542,-0.06633786375082022,-0.09725553545119682,-0.11262364908018528,-0.04287254392351015,0.10443927613908179,0.05427594069885634,0.0021898433864661095,0.043530153350754025,-0.025623410776272015,-0.03284861643785467,-0.018960384048639194,0.06820515010110649,-0.04283412656924676,-0.08741177488463275,0.04729248424162888,0.05185792163489383,-0.07707085312345105,0.07707085312345102,-0.10740090936998502,0.10740090936998502,1.0,-1.0
foreign_A202,-0.1381962852934742,-0.0500500070649373,-0.09002442858416532,-0.054097396178490756,-0.006151395968809695,-0.009716974731549916,-0.08207949878149685,0.057750713888470556,-0.059172442172905855,0.03639169306534823,-0.01710836748581397,0.014058006049085714,-0.019952082941496446,0.00413965108483217,-0.06088798968813343,0.03676987074606817,0.15443624123819522,-0.03156382383680027,0.027051521117044872,-0.009590417951537328,-0.06324198898586907,-0.021602293841669052,0.006717662345598053,-0.044968760600680474,-0.018679796727355494,-0.04634344372509069,-0.0033673826814776477,0.0032940710685562687,-0.029021775596152342,0.03033390479247368,0.0031375084461826475,-0.0503943843591778,0.03700428426119233,0.03868875862627494,0.007853398988822159,-0.0531436671766776,-0.020661322438149846,-0.05120214147392041,0.028995700217751417,0.0475832218405644,-0.11964057937709546,0.06633786375082022,0.09725553545119686,0.11262364908018528,0.04287254392351008,-0.10443927613908179,-0.05427594069885631,-0.0021898433864660995,-0.04353015335075401,0.025623410776272004,0.03284861643785468,0.018960384048639162,-0.06820515010110681,0.04283412656924678,0.08741177488463278,-0.0472924842416289,-0.05185792163489375,0.07707085312345105,-0.07707085312345104,0.10740090936998495,-0.10740090936998495,-1.0,1.0
